{
  "formatVersion": 1,
  "database": {
    "version": 1,
    "identityHash": "63caaf839d7a7df716e8720cd71924ef",
    "entities": [
      {
        "tableName": "databasevideo",
        "createSql": "CREATE TABLE IF NOT EXISTS `${TABLE_NAME}` (`updated` TEXT NOT NULL, `title` TEXT NOT NULL, `description` TEXT NOT NULL, `thumbnail` TEXT NOT NULL, `url` TEXT NOT NULL, PRIMARY KEY(`url`))",
        "fields": [
          {
            "fieldPath": "updated",
            "columnName": "updated",
            "affinity": "TEXT",
            "notNull": true
          },
          {
            "fieldPath": "title",
            "columnName": "title",
            "affinity": "TEXT",
            "notNull": true
          },
          {
            "fieldPath": "description",
            "columnName": "description",
            "affinity": "TEXT",
            "notNull": true
          },
          {
            "fieldPath": "thumbnail",
            "columnName": "thumbnail",
            "affinity": "TEXT",
            "notNull": true
          },
          {
            "fieldPath": "url",
            "columnName": "url",
            "affinity": "TEXT",
            "notNull": true
          }
        ],
        "primaryKey": {
          "columnNames": [
            "url"
          ],
          "autoGenerate": false
        },
        "indices": [],
        "foreignKeys": []
      }
    ],
    "views": [],
    "setupQueries": [
      "CREATE TABLE IF NOT EXISTS room_master_table (id INTEGER PRIMARY KEY,identity_hash TEXT)",
      "INSERT OR REPLACE INTO room_master_table (id,identity_hash) VALUES(42, '63caaf839d7a7df716e8720cd71924ef')"
    ]
  }
}