{
  "project_info": {
    "project_number": "1096943056602",
    "project_id": "shoppi-4d18d",
    "storage_bucket": "shoppi-4d18d.appspot.com"
  },
  "client": [
    {
      "client_info": {
        "mobilesdk_app_id": "1:1096943056602:android:0d8ef1f93f9a529418d7e3",
        "android_client_info": {
          "package_name": "com.shoppi.app"
        }
      },
      "oauth_client": [
        {
          "client_id": "1096943056602-hu6nc61gkekho9bsqt7gtoj6kirh7q8v.apps.googleusercontent.com",
          "client_type": 3
        }
      ],
      "api_key": [
        {
          "current_key": "AIzaSyBadt6xyJHJHa5fPM6_6nfCnk_j4FK5WyU"
        }
      ],
      "services": {
        "appinvite_service": {
          "other_platform_oauth_client": [
            {
              "client_id": "1096943056602-hu6nc61gkekho9bsqt7gtoj6kirh7q8v.apps.googleusercontent.com",
              "client_type": 3
            }
          ]
        }
      }
    }
  ],
  "configuration_version": "1"
}