{
  "fashion_female": {
    "top_selling": {
      "title": {
        "text": "인기상품"
      },
      "categories": [
        {
          "category_id": "fashion_jacket",
          "label": "1",
          "thumbnail_image_url": "https://user-images.githubusercontent.com/26240553/163524343-15069cb2-183a-451e-a650-e7183c008f96.png",
          "updated": true
        },
        {
          "category_id": "fashion_sweater",
          "label": "2",
          "thumbnail_image_url": "https://user-images.githubusercontent.com/26240553/163524350-2e0ff56c-767b-41d3-9369-0a8598c96331.png",
          "updated": false
        },
        {
          "category_id": "fashion_cap",
          "label": "3",
          "thumbnail_image_url": "https://user-images.githubusercontent.com/26240553/163524341-2f143e7b-0459-4021-936b-bfb8395d6e96.png",
          "updated": false
        },
        {
          "category_id": "fashion_belt",
          "label": "벨트",
          "thumbnail_image_url": "https://user-images.githubusercontent.com/26240553/163524339-653bc749-364c-44e5-8002-78e06d034653.png",
          "updated": false
        },
        {
          "category_id": "fashion_shirts",
          "label": "셔츠",
          "thumbnail_image_url": "https://user-images.githubusercontent.com/26240553/163524345-4a7148ef-85e0-4229-922b-76c253b3b861.png",
          "updated": false
        },
        {
          "category_id": "fashion_skirt",
          "label": "스커트",
          "thumbnail_image_url": "https://user-images.githubusercontent.com/26240553/163524347-ee5a4e68-5cfd-4fc4-96e5-c9b227458a47.png",
          "updated": false
        }
      ],
      "promotions": {
        "title": {
          "text": "추천상품"
        },
        "items": [
          {
            "label": "[19차 리오더] 페이크 레더 숏 테일러 자켓 블랙",
            "discount_rate": 10,
            "price": 90000,
            "representative_image_url": "https://user-images.githubusercontent.com/26240553/163524326-0fd93ab3-bb41-4e06-a86f-9f4f419a3f41.png",
            "product_id": "jacket_1"
          },
          {
            "label": "캐시미어 100% 터틀넥 스웨터",
            "discount_rate": 15,
            "price": 70000,
            "representative_image_url": "https://user-images.githubusercontent.com/26240553/163524328-c5442ce4-631f-48ef-bfdc-2f9df93aced7.png",
            "product_id": "sweater_1"
          },
          {
            "label": "반팔 스트라이프 스웨터",
            "discount_rate": 20,
            "price": 30000,
            "representative_image_url": "https://user-images.githubusercontent.com/26240553/163524331-0f3aeee9-5f8b-4649-8394-05eb0f13fa45.png",
            "product_id": "sweater_2"
          },
          {
            "label": "화이트 스포츠 점퍼",
            "discount_rate": 20,
            "price": 150000,
            "representative_image_url": "https://user-images.githubusercontent.com/26240553/163524336-3f23a6ce-2c80-426d-a176-e5bf7342ece6.png",
            "product_id": "sports_1"
          }
        ]
      }
    }
  }
}