{
  "categories": [
    {
      "category_id": "fashion_female",
      "label": "여성패션",
      "thumbnail_image_url": "https://user-images.githubusercontent.com/26240553/163507751-1e069496-8cca-4af9-ade4-5d695cf73f78.jpg",
      "updated": false
    },
    {
      "category_id": "fashion_male",
      "label": "남성패션",
      "thumbnail_image_url": "https://user-images.githubusercontent.com/26240553/163507757-af6d0b14-edb5-44f1-949b-caa33e753848.jpg",
      "updated": false
    },
    {
      "category_id": "kids",
      "label": "유아동",
      "thumbnail_image_url": "https://user-images.githubusercontent.com/26240553/163507718-0f432a73-4670-45bf-895f-aebba8852e3d.jpg",
      "updated": false
    },
    {
      "category_id": "electronics",
      "label": "가전/디지털",
      "thumbnail_image_url": "https://user-images.githubusercontent.com/26240553/163507776-f348336b-f789-446c-aa52-813333a1e216.jpg",
      "updated": false
    },
    {
      "category_id": "furniture",
      "label": "가구/인테리어",
      "thumbnail_image_url": "https://user-images.githubusercontent.com/26240553/163507768-013211ec-2f69-4786-9d49-f406c31b3581.jpg",
      "updated": true
    },
    {
      "category_id": "sports",
      "label": "스포츠/레저",
      "thumbnail_image_url": "https://user-images.githubusercontent.com/26240553/163507748-f5a595dc-80ce-4a84-aaca-b9e25aaf8840.jpg",
      "updated": false
    },
    {
      "category_id": "books",
      "label": "도서/음반",
      "thumbnail_image_url": "https://user-images.githubusercontent.com/26240553/163507723-a4fd84ee-c1e7-46ef-8dbc-33613e58aa37.jpg",
      "updated": false
    },
    {
      "category_id": "pets",
      "label": "반려동물",
      "thumbnail_image_url": "https://user-images.githubusercontent.com/26240553/163507831-66fcbbcc-063f-4d1d-890e-873ace146d6f.jpg",
      "updated": false
    },
    {
      "category_id": "car",
      "label": "자동차",
      "thumbnail_image_url": "https://user-images.githubusercontent.com/26240553/163507798-58a0ccc0-9621-40b8-a85e-c3c336efd9f3.jpg",
      "updated": false
    },
    {
      "category_id": "fancy_goods",
      "label": "잡화",
      "thumbnail_image_url": "https://user-images.githubusercontent.com/26240553/163507710-236bdd3b-3161-42f3-9d0c-3f30fd2c59b1.jpg",
      "updated": false
    },
    {
      "category_id": "food",
      "label": "식품",
      "thumbnail_image_url": "https://user-images.githubusercontent.com/26240553/163507734-039bff60-9deb-4757-840d-8e1351d0a75a.jpg",
      "updated": false
    },
    {
      "category_id": "beauty",
      "label": "뷰티",
      "thumbnail_image_url": "https://user-images.githubusercontent.com/26240553/163507817-2bc46af6-4894-41d8-9d9d-5e015c352001.jpg",
      "updated": true
    }
  ],
  "fashion_female": {
    "top_selling": {
      "title": {
        "text": "인기상품"
      },
      "categories": [
        {
          "category_id": "fashion_jacket",
          "label": "1",
          "thumbnail_image_url": "https://user-images.githubusercontent.com/26240553/163524343-15069cb2-183a-451e-a650-e7183c008f96.png",
          "updated": true
        },
        {
          "category_id": "fashion_sweater",
          "label": "2",
          "thumbnail_image_url": "https://user-images.githubusercontent.com/26240553/163524350-2e0ff56c-767b-41d3-9369-0a8598c96331.png",
          "updated": false
        },
        {
          "category_id": "fashion_cap",
          "label": "3",
          "thumbnail_image_url": "https://user-images.githubusercontent.com/26240553/163524341-2f143e7b-0459-4021-936b-bfb8395d6e96.png",
          "updated": false
        },
        {
          "category_id": "fashion_belt",
          "label": "벨트",
          "thumbnail_image_url": "https://user-images.githubusercontent.com/26240553/163524339-653bc749-364c-44e5-8002-78e06d034653.png",
          "updated": false
        },
        {
          "category_id": "fashion_shirts",
          "label": "셔츠",
          "thumbnail_image_url": "https://user-images.githubusercontent.com/26240553/163524345-4a7148ef-85e0-4229-922b-76c253b3b861.png",
          "updated": false
        },
        {
          "category_id": "fashion_skirt",
          "label": "스커트",
          "thumbnail_image_url": "https://user-images.githubusercontent.com/26240553/163524347-ee5a4e68-5cfd-4fc4-96e5-c9b227458a47.png",
          "updated": false
        }
      ],
      "promotions": {
        "title": {
          "text": "추천상품"
        },
        "items": [
          {
            "label": "[19차 리오더] 페이크 레더 숏 테일러 자켓 블랙",
            "discount_rate": 10,
            "price": 90000,
            "representative_image_url": "https://user-images.githubusercontent.com/26240553/163524326-0fd93ab3-bb41-4e06-a86f-9f4f419a3f41.png",
            "product_id": "jacket_1"
          },
          {
            "label": "캐시미어 100% 터틀넥 스웨터",
            "discount_rate": 15,
            "price": 70000,
            "representative_image_url": "https://user-images.githubusercontent.com/26240553/163524328-c5442ce4-631f-48ef-bfdc-2f9df93aced7.png",
            "product_id": "sweater_1"
          },
          {
            "label": "반팔 스트라이프 스웨터",
            "discount_rate": 20,
            "price": 30000,
            "representative_image_url": "https://user-images.githubusercontent.com/26240553/163524331-0f3aeee9-5f8b-4649-8394-05eb0f13fa45.png",
            "product_id": "sweater_2"
          },
          {
            "label": "화이트 스포츠 점퍼",
            "discount_rate": 20,
            "price": 150000,
            "representative_image_url": "https://user-images.githubusercontent.com/26240553/163524336-3f23a6ce-2c80-426d-a176-e5bf7342ece6.png",
            "product_id": "sports_1"
          }
        ]
      }
    }
  }
}
